Northern California and Sierra Counties"Butte, Shasta, Humboldt, Del Norte, Siskiyou, Lassen, Trinity, Modoc, Mendocino, Lake, Tehama, Glenn, Colusa, Sutter, Yuba, Nevada, Plumas, Sierra, Tuolumne, Calaveras, Amador, Inyo, Mariposa, Mono, Alpine"Bay Area"Santa Clara, Alameda, Contra Costa, San Francisco, San Mateo, Sonoma, Solano, Marin, Napa "Sacramento Area"Sacramento, Placer, Yolo, El Dorado "San Joaquin Valley"Fresno, Kern, San Joaquin, Stanislaus, Tulare, Merced, Kings, Madera "Central Coast"Ventura, Santa Barbara, Santa Cruz, San Luis Obispo, Monterey, San Benito "Los AngelesLos Angeles CountySouthern California"Orange, San Diego, San Bernardino, Riverside, Imperial "